DELETE FROM `creature_template` WHERE entry = 444111;

INSERT INTO `creature_template` (`entry`, `difficulty_entry_1`, `difficulty_entry_2`, `difficulty_entry_3`, `KillCredit1`, `KillCredit2`, `modelid1`, `modelid2`, `modelid3`, `modelid4`, `name`, `subname`, `IconName`, `gossip_menu_id`, `minlevel`, `maxlevel`, `exp`, `faction`, `npcflag`, `speed_walk`, `speed_run`, `speed_swim`, `speed_flight`, `detection_range`, `scale`, `rank`, `dmgschool`, `DamageModifier`, `BaseAttackTime`, `RangeAttackTime`, `BaseVariance`, `RangeVariance`, `unit_class`, `unit_flags`, `unit_flags2`, `dynamicflags`, `family`, `trainer_type`, `trainer_spell`, `trainer_class`, `trainer_race`, `type`, `type_flags`, `lootid`, `pickpocketloot`, `skinloot`, `PetSpellDataId`, `VehicleId`, `mingold`, `maxgold`, `AIName`, `MovementType`, `HoverHeight`, `HealthModifier`, `ManaModifier`, `ArmorModifier`, `ExperienceModifier`, `RacialLeader`, `movementId`, `RegenHealth`, `mechanic_immune_mask`, `spell_school_immune_mask`, `flags_extra`, `ScriptName`, `VerifiedBuild`) VALUES (444111, 0, 0, 0, 0, 0, 31, 0, 0, 0, 'Lady Luck', 'Lottery', NULL, 0, 1, 1, 0, 35, 1, 1, 1.14286, 1, 1, 20, 1, 0, 0, 1, 1, 1, 1, 1, 1, 0, 0, 0, 0, 0, 0, 0, 0, 7, 0, 0, 0, 0, 0, 0, 0, 0, '', 0, 1, 1, 1, 1, 1, 0, 0, 1, 0, 0, 0, 'LadyLuckCreatureScript', 0);

DELETE FROM `npc_text` WHERE ID = 444111;
DELETE FROM `npc_text` WHERE ID = 444112;
DELETE FROM `npc_text` WHERE ID = 444113;
DELETE FROM `npc_text` WHERE ID = 444114;
DELETE FROM `npc_text` WHERE ID = 444115;
DELETE FROM `npc_text` WHERE ID = 444116;

INSERT INTO `npc_text` (`ID`, `text0_0`, `text0_1`, `BroadcastTextID0`, `lang0`, `Probability0`, `em0_0`, `em0_1`, `em0_2`, `em0_3`, `em0_4`, `em0_5`, `text1_0`, `text1_1`, `BroadcastTextID1`, `lang1`, `Probability1`, `em1_0`, `em1_1`, `em1_2`, `em1_3`, `em1_4`, `em1_5`, `text2_0`, `text2_1`, `BroadcastTextID2`, `lang2`, `Probability2`, `em2_0`, `em2_1`, `em2_2`, `em2_3`, `em2_4`, `em2_5`, `text3_0`, `text3_1`, `BroadcastTextID3`, `lang3`, `Probability3`, `em3_0`, `em3_1`, `em3_2`, `em3_3`, `em3_4`, `em3_5`, `text4_0`, `text4_1`, `BroadcastTextID4`, `lang4`, `Probability4`, `em4_0`, `em4_1`, `em4_2`, `em4_3`, `em4_4`, `em4_5`, `text5_0`, `text5_1`, `BroadcastTextID5`, `lang5`, `Probability5`, `em5_0`, `em5_1`, `em5_2`, `em5_3`, `em5_4`, `em5_5`, `text6_0`, `text6_1`, `BroadcastTextID6`, `lang6`, `Probability6`, `em6_0`, `em6_1`, `em6_2`, `em6_3`, `em6_4`, `em6_5`, `text7_0`, `text7_1`, `BroadcastTextID7`, `lang7`, `Probability7`, `em7_0`, `em7_1`, `em7_2`, `em7_3`, `em7_4`, `em7_5`, `VerifiedBuild`) VALUES (444111, 'Hi $n! What would you like to do?', 'Hi $n! What would you like to do?', 0, 0, 0, 0, 0, 0, 0, 0, 0, NULL, NULL, 0, 0, 0, 0, 0, 0, 0, 0, 0, NULL, NULL, 0, 0, 0, 0, 0, 0, 0, 0, 0, NULL, NULL, 0, 0, 0, 0, 0, 0, 0, 0, 0, NULL, NULL, 0, 0, 0, 0, 0, 0, 0, 0, 0, NULL, NULL, 0, 0, 0, 0, 0, 0, 0, 0, 0, NULL, NULL, 0, 0, 0, 0, 0, 0, 0, 0, 0, NULL, NULL, 0, 0, 0, 0, 0, 0, 0, 0, 0, NULL);
INSERT INTO `npc_text` (`ID`, `text0_0`, `text0_1`, `BroadcastTextID0`, `lang0`, `Probability0`, `em0_0`, `em0_1`, `em0_2`, `em0_3`, `em0_4`, `em0_5`, `text1_0`, `text1_1`, `BroadcastTextID1`, `lang1`, `Probability1`, `em1_0`, `em1_1`, `em1_2`, `em1_3`, `em1_4`, `em1_5`, `text2_0`, `text2_1`, `BroadcastTextID2`, `lang2`, `Probability2`, `em2_0`, `em2_1`, `em2_2`, `em2_3`, `em2_4`, `em2_5`, `text3_0`, `text3_1`, `BroadcastTextID3`, `lang3`, `Probability3`, `em3_0`, `em3_1`, `em3_2`, `em3_3`, `em3_4`, `em3_5`, `text4_0`, `text4_1`, `BroadcastTextID4`, `lang4`, `Probability4`, `em4_0`, `em4_1`, `em4_2`, `em4_3`, `em4_4`, `em4_5`, `text5_0`, `text5_1`, `BroadcastTextID5`, `lang5`, `Probability5`, `em5_0`, `em5_1`, `em5_2`, `em5_3`, `em5_4`, `em5_5`, `text6_0`, `text6_1`, `BroadcastTextID6`, `lang6`, `Probability6`, `em6_0`, `em6_1`, `em6_2`, `em6_3`, `em6_4`, `em6_5`, `text7_0`, `text7_1`, `BroadcastTextID7`, `lang7`, `Probability7`, `em7_0`, `em7_1`, `em7_2`, `em7_3`, `em7_4`, `em7_5`, `VerifiedBuild`) VALUES (444112, 'I will teleport you to the lottery room, are you sure you would like to go?', 'I will teleport you to the lottery room, are you sure you would like to go?', 0, 0, 0, 0, 0, 0, 0, 0, 0, NULL, NULL, 0, 0, 0, 0, 0, 0, 0, 0, 0, NULL, NULL, 0, 0, 0, 0, 0, 0, 0, 0, 0, NULL, NULL, 0, 0, 0, 0, 0, 0, 0, 0, 0, NULL, NULL, 0, 0, 0, 0, 0, 0, 0, 0, 0, NULL, NULL, 0, 0, 0, 0, 0, 0, 0, 0, 0, NULL, NULL, 0, 0, 0, 0, 0, 0, 0, 0, 0, NULL, NULL, 0, 0, 0, 0, 0, 0, 0, 0, 0, NULL);
INSERT INTO `npc_text` (`ID`, `text0_0`, `text0_1`, `BroadcastTextID0`, `lang0`, `Probability0`, `em0_0`, `em0_1`, `em0_2`, `em0_3`, `em0_4`, `em0_5`, `text1_0`, `text1_1`, `BroadcastTextID1`, `lang1`, `Probability1`, `em1_0`, `em1_1`, `em1_2`, `em1_3`, `em1_4`, `em1_5`, `text2_0`, `text2_1`, `BroadcastTextID2`, `lang2`, `Probability2`, `em2_0`, `em2_1`, `em2_2`, `em2_3`, `em2_4`, `em2_5`, `text3_0`, `text3_1`, `BroadcastTextID3`, `lang3`, `Probability3`, `em3_0`, `em3_1`, `em3_2`, `em3_3`, `em3_4`, `em3_5`, `text4_0`, `text4_1`, `BroadcastTextID4`, `lang4`, `Probability4`, `em4_0`, `em4_1`, `em4_2`, `em4_3`, `em4_4`, `em4_5`, `text5_0`, `text5_1`, `BroadcastTextID5`, `lang5`, `Probability5`, `em5_0`, `em5_1`, `em5_2`, `em5_3`, `em5_4`, `em5_5`, `text6_0`, `text6_1`, `BroadcastTextID6`, `lang6`, `Probability6`, `em6_0`, `em6_1`, `em6_2`, `em6_3`, `em6_4`, `em6_5`, `text7_0`, `text7_1`, `BroadcastTextID7`, `lang7`, `Probability7`, `em7_0`, `em7_1`, `em7_2`, `em7_3`, `em7_4`, `em7_5`, `VerifiedBuild`) VALUES (444113, 'You do not have enough currency to enter the lottery.', 'You do not have enough currency to enter the lottery.', 0, 0, 0, 0, 0, 0, 0, 0, 0, NULL, NULL, 0, 0, 0, 0, 0, 0, 0, 0, 0, NULL, NULL, 0, 0, 0, 0, 0, 0, 0, 0, 0, NULL, NULL, 0, 0, 0, 0, 0, 0, 0, 0, 0, NULL, NULL, 0, 0, 0, 0, 0, 0, 0, 0, 0, NULL, NULL, 0, 0, 0, 0, 0, 0, 0, 0, 0, NULL, NULL, 0, 0, 0, 0, 0, 0, 0, 0, 0, NULL, NULL, 0, 0, 0, 0, 0, 0, 0, 0, 0, NULL);
INSERT INTO `npc_text` (`ID`, `text0_0`, `text0_1`, `BroadcastTextID0`, `lang0`, `Probability0`, `em0_0`, `em0_1`, `em0_2`, `em0_3`, `em0_4`, `em0_5`, `text1_0`, `text1_1`, `BroadcastTextID1`, `lang1`, `Probability1`, `em1_0`, `em1_1`, `em1_2`, `em1_3`, `em1_4`, `em1_5`, `text2_0`, `text2_1`, `BroadcastTextID2`, `lang2`, `Probability2`, `em2_0`, `em2_1`, `em2_2`, `em2_3`, `em2_4`, `em2_5`, `text3_0`, `text3_1`, `BroadcastTextID3`, `lang3`, `Probability3`, `em3_0`, `em3_1`, `em3_2`, `em3_3`, `em3_4`, `em3_5`, `text4_0`, `text4_1`, `BroadcastTextID4`, `lang4`, `Probability4`, `em4_0`, `em4_1`, `em4_2`, `em4_3`, `em4_4`, `em4_5`, `text5_0`, `text5_1`, `BroadcastTextID5`, `lang5`, `Probability5`, `em5_0`, `em5_1`, `em5_2`, `em5_3`, `em5_4`, `em5_5`, `text6_0`, `text6_1`, `BroadcastTextID6`, `lang6`, `Probability6`, `em6_0`, `em6_1`, `em6_2`, `em6_3`, `em6_4`, `em6_5`, `text7_0`, `text7_1`, `BroadcastTextID7`, `lang7`, `Probability7`, `em7_0`, `em7_1`, `em7_2`, `em7_3`, `em7_4`, `em7_5`, `VerifiedBuild`) VALUES (444114, 'You do not have enough money to enter the lottery.', 'You do not have enough money to enter the lottery.', 0, 0, 0, 0, 0, 0, 0, 0, 0, NULL, NULL, 0, 0, 0, 0, 0, 0, 0, 0, 0, NULL, NULL, 0, 0, 0, 0, 0, 0, 0, 0, 0, NULL, NULL, 0, 0, 0, 0, 0, 0, 0, 0, 0, NULL, NULL, 0, 0, 0, 0, 0, 0, 0, 0, 0, NULL, NULL, 0, 0, 0, 0, 0, 0, 0, 0, 0, NULL, NULL, 0, 0, 0, 0, 0, 0, 0, 0, 0, NULL, NULL, 0, 0, 0, 0, 0, 0, 0, 0, 0, NULL);
INSERT INTO `npc_text` (`ID`, `text0_0`, `text0_1`, `BroadcastTextID0`, `lang0`, `Probability0`, `em0_0`, `em0_1`, `em0_2`, `em0_3`, `em0_4`, `em0_5`, `text1_0`, `text1_1`, `BroadcastTextID1`, `lang1`, `Probability1`, `em1_0`, `em1_1`, `em1_2`, `em1_3`, `em1_4`, `em1_5`, `text2_0`, `text2_1`, `BroadcastTextID2`, `lang2`, `Probability2`, `em2_0`, `em2_1`, `em2_2`, `em2_3`, `em2_4`, `em2_5`, `text3_0`, `text3_1`, `BroadcastTextID3`, `lang3`, `Probability3`, `em3_0`, `em3_1`, `em3_2`, `em3_3`, `em3_4`, `em3_5`, `text4_0`, `text4_1`, `BroadcastTextID4`, `lang4`, `Probability4`, `em4_0`, `em4_1`, `em4_2`, `em4_3`, `em4_4`, `em4_5`, `text5_0`, `text5_1`, `BroadcastTextID5`, `lang5`, `Probability5`, `em5_0`, `em5_1`, `em5_2`, `em5_3`, `em5_4`, `em5_5`, `text6_0`, `text6_1`, `BroadcastTextID6`, `lang6`, `Probability6`, `em6_0`, `em6_1`, `em6_2`, `em6_3`, `em6_4`, `em6_5`, `text7_0`, `text7_1`, `BroadcastTextID7`, `lang7`, `Probability7`, `em7_0`, `em7_1`, `em7_2`, `em7_3`, `em7_4`, `em7_5`, `VerifiedBuild`) VALUES (444115, 'Would you like to return to your last location?', 'Would you like to return to your last location?', 0, 0, 0, 0, 0, 0, 0, 0, 0, NULL, NULL, 0, 0, 0, 0, 0, 0, 0, 0, 0, NULL, NULL, 0, 0, 0, 0, 0, 0, 0, 0, 0, NULL, NULL, 0, 0, 0, 0, 0, 0, 0, 0, 0, NULL, NULL, 0, 0, 0, 0, 0, 0, 0, 0, 0, NULL, NULL, 0, 0, 0, 0, 0, 0, 0, 0, 0, NULL, NULL, 0, 0, 0, 0, 0, 0, 0, 0, 0, NULL, NULL, 0, 0, 0, 0, 0, 0, 0, 0, 0, NULL);
INSERT INTO `npc_text` (`ID`, `text0_0`, `text0_1`, `BroadcastTextID0`, `lang0`, `Probability0`, `em0_0`, `em0_1`, `em0_2`, `em0_3`, `em0_4`, `em0_5`, `text1_0`, `text1_1`, `BroadcastTextID1`, `lang1`, `Probability1`, `em1_0`, `em1_1`, `em1_2`, `em1_3`, `em1_4`, `em1_5`, `text2_0`, `text2_1`, `BroadcastTextID2`, `lang2`, `Probability2`, `em2_0`, `em2_1`, `em2_2`, `em2_3`, `em2_4`, `em2_5`, `text3_0`, `text3_1`, `BroadcastTextID3`, `lang3`, `Probability3`, `em3_0`, `em3_1`, `em3_2`, `em3_3`, `em3_4`, `em3_5`, `text4_0`, `text4_1`, `BroadcastTextID4`, `lang4`, `Probability4`, `em4_0`, `em4_1`, `em4_2`, `em4_3`, `em4_4`, `em4_5`, `text5_0`, `text5_1`, `BroadcastTextID5`, `lang5`, `Probability5`, `em5_0`, `em5_1`, `em5_2`, `em5_3`, `em5_4`, `em5_5`, `text6_0`, `text6_1`, `BroadcastTextID6`, `lang6`, `Probability6`, `em6_0`, `em6_1`, `em6_2`, `em6_3`, `em6_4`, `em6_5`, `text7_0`, `text7_1`, `BroadcastTextID7`, `lang7`, `Probability7`, `em7_0`, `em7_1`, `em7_2`, `em7_3`, `em7_4`, `em7_5`, `VerifiedBuild`) VALUES (444116, 'What currency would you like to use?', 'What currency would you like to use?', 0, 0, 0, 0, 0, 0, 0, 0, 0, NULL, NULL, 0, 0, 0, 0, 0, 0, 0, 0, 0, NULL, NULL, 0, 0, 0, 0, 0, 0, 0, 0, 0, NULL, NULL, 0, 0, 0, 0, 0, 0, 0, 0, 0, NULL, NULL, 0, 0, 0, 0, 0, 0, 0, 0, 0, NULL, NULL, 0, 0, 0, 0, 0, 0, 0, 0, 0, NULL, NULL, 0, 0, 0, 0, 0, 0, 0, 0, 0, NULL, NULL, 0, 0, 0, 0, 0, 0, 0, 0, 0, NULL);

DELETE FROM `gameobject_template` WHERE ID = 4441111;
DELETE FROM `gameobject_template` WHERE ID = 4441112

INSERT INTO `gameobject_template` (`entry`, `type`, `displayId`, `name`, `IconName`, `castBarCaption`, `unk1`, `size`, `Data0`, `Data1`, `Data2`, `Data3`, `Data4`, `Data5`, `Data6`, `Data7`, `Data8`, `Data9`, `Data10`, `Data11`, `Data12`, `Data13`, `Data14`, `Data15`, `Data16`, `Data17`, `Data18`, `Data19`, `Data20`, `Data21`, `Data22`, `Data23`, `AIName`, `ScriptName`, `VerifiedBuild`) VALUES (4441111, 2, 41, 'Lottery Box', '', '', '', 1, 0, 0, 0, 0, 0, 0, 0, 0, 0, 0, 0, 0, 0, 0, 0, 0, 0, 0, 0, 0, 0, 0, 0, 0, '', 'LadyLuckGameObjectScript', 0);
INSERT INTO `gameobject_template` (`entry`, `type`, `displayId`, `name`, `IconName`, `castBarCaption`, `unk1`, `size`, `Data0`, `Data1`, `Data2`, `Data3`, `Data4`, `Data5`, `Data6`, `Data7`, `Data8`, `Data9`, `Data10`, `Data11`, `Data12`, `Data13`, `Data14`, `Data15`, `Data16`, `Data17`, `Data18`, `Data19`, `Data20`, `Data21`, `Data22`, `Data23`, `AIName`, `ScriptName`, `VerifiedBuild`) VALUES (4441112, 5, 444, 'Door', '', '', '', 1.2, 0, 0, 0, 0, 0, 0, 0, 0, 0, 0, 0, 0, 0, 0, 0, 0, 0, 0, 0, 0, 0, 0, 0, 0, '', '', NULL);

DELETE FROM `npc_text` WHERE ID = 444211;
DELETE FROM `npc_text` WHERE ID = 444212;

INSERT INTO `npc_text` (`ID`, `text0_0`, `text0_1`, `BroadcastTextID0`, `lang0`, `Probability0`, `em0_0`, `em0_1`, `em0_2`, `em0_3`, `em0_4`, `em0_5`, `text1_0`, `text1_1`, `BroadcastTextID1`, `lang1`, `Probability1`, `em1_0`, `em1_1`, `em1_2`, `em1_3`, `em1_4`, `em1_5`, `text2_0`, `text2_1`, `BroadcastTextID2`, `lang2`, `Probability2`, `em2_0`, `em2_1`, `em2_2`, `em2_3`, `em2_4`, `em2_5`, `text3_0`, `text3_1`, `BroadcastTextID3`, `lang3`, `Probability3`, `em3_0`, `em3_1`, `em3_2`, `em3_3`, `em3_4`, `em3_5`, `text4_0`, `text4_1`, `BroadcastTextID4`, `lang4`, `Probability4`, `em4_0`, `em4_1`, `em4_2`, `em4_3`, `em4_4`, `em4_5`, `text5_0`, `text5_1`, `BroadcastTextID5`, `lang5`, `Probability5`, `em5_0`, `em5_1`, `em5_2`, `em5_3`, `em5_4`, `em5_5`, `text6_0`, `text6_1`, `BroadcastTextID6`, `lang6`, `Probability6`, `em6_0`, `em6_1`, `em6_2`, `em6_3`, `em6_4`, `em6_5`, `text7_0`, `text7_1`, `BroadcastTextID7`, `lang7`, `Probability7`, `em7_0`, `em7_1`, `em7_2`, `em7_3`, `em7_4`, `em7_5`, `VerifiedBuild`) VALUES (444211, '<What would you like to do?>', '<What would you like to do?>', 0, 0, 0, 0, 0, 0, 0, 0, 0, NULL, NULL, 0, 0, 0, 0, 0, 0, 0, 0, 0, NULL, NULL, 0, 0, 0, 0, 0, 0, 0, 0, 0, NULL, NULL, 0, 0, 0, 0, 0, 0, 0, 0, 0, NULL, NULL, 0, 0, 0, 0, 0, 0, 0, 0, 0, NULL, NULL, 0, 0, 0, 0, 0, 0, 0, 0, 0, NULL, NULL, 0, 0, 0, 0, 0, 0, 0, 0, 0, NULL, NULL, 0, 0, 0, 0, 0, 0, 0, 0, 0, NULL);
INSERT INTO `npc_text` (`ID`, `text0_0`, `text0_1`, `BroadcastTextID0`, `lang0`, `Probability0`, `em0_0`, `em0_1`, `em0_2`, `em0_3`, `em0_4`, `em0_5`, `text1_0`, `text1_1`, `BroadcastTextID1`, `lang1`, `Probability1`, `em1_0`, `em1_1`, `em1_2`, `em1_3`, `em1_4`, `em1_5`, `text2_0`, `text2_1`, `BroadcastTextID2`, `lang2`, `Probability2`, `em2_0`, `em2_1`, `em2_2`, `em2_3`, `em2_4`, `em2_5`, `text3_0`, `text3_1`, `BroadcastTextID3`, `lang3`, `Probability3`, `em3_0`, `em3_1`, `em3_2`, `em3_3`, `em3_4`, `em3_5`, `text4_0`, `text4_1`, `BroadcastTextID4`, `lang4`, `Probability4`, `em4_0`, `em4_1`, `em4_2`, `em4_3`, `em4_4`, `em4_5`, `text5_0`, `text5_1`, `BroadcastTextID5`, `lang5`, `Probability5`, `em5_0`, `em5_1`, `em5_2`, `em5_3`, `em5_4`, `em5_5`, `text6_0`, `text6_1`, `BroadcastTextID6`, `lang6`, `Probability6`, `em6_0`, `em6_1`, `em6_2`, `em6_3`, `em6_4`, `em6_5`, `text7_0`, `text7_1`, `BroadcastTextID7`, `lang7`, `Probability7`, `em7_0`, `em7_1`, `em7_2`, `em7_3`, `em7_4`, `em7_5`, `VerifiedBuild`) VALUES (444212, '<You do not have the authority to open this box>', '<You do not have the authority to open this box>', 0, 0, 0, 0, 0, 0, 0, 0, 0, NULL, NULL, 0, 0, 0, 0, 0, 0, 0, 0, 0, NULL, NULL, 0, 0, 0, 0, 0, 0, 0, 0, 0, NULL, NULL, 0, 0, 0, 0, 0, 0, 0, 0, 0, NULL, NULL, 0, 0, 0, 0, 0, 0, 0, 0, 0, NULL, NULL, 0, 0, 0, 0, 0, 0, 0, 0, 0, NULL, NULL, 0, 0, 0, 0, 0, 0, 0, 0, 0, NULL, NULL, 0, 0, 0, 0, 0, 0, 0, 0, 0, NULL);

/* Delete these below if you do not want to use the default lottery room. */
INSERT INTO `gameobject` (`guid`, `id`, `map`, `zoneId`, `areaId`, `spawnMask`, `phaseMask`, `position_x`, `position_y`, `position_z`, `orientation`, `rotation0`, `rotation1`, `rotation2`, `rotation3`, `spawntimesecs`, `animprogress`, `state`, `ScriptName`, `VerifiedBuild`) VALUES (2136240, 4441112, 449, 0, 0, 1, 1, -0.379972, 1.22128, -0.255884, 4.7132, -0, -0, -0.706822, 0.707392, 300, 0, 1, '', NULL);
INSERT INTO `gameobject` (`guid`, `id`, `map`, `zoneId`, `areaId`, `spawnMask`, `phaseMask`, `position_x`, `position_y`, `position_z`, `orientation`, `rotation0`, `rotation1`, `rotation2`, `rotation3`, `spawntimesecs`, `animprogress`, `state`, `ScriptName`, `VerifiedBuild`) VALUES (2136215, 4441111, 449, 0, 0, 1, 1, 8.66827, 7.03672, 0.924199, 3.09447, -0, -0, -0.999723, -0.0235568, 300, 0, 1, '', NULL);
INSERT INTO `gameobject` (`guid`, `id`, `map`, `zoneId`, `areaId`, `spawnMask`, `phaseMask`, `position_x`, `position_y`, `position_z`, `orientation`, `rotation0`, `rotation1`, `rotation2`, `rotation3`, `spawntimesecs`, `animprogress`, `state`, `ScriptName`, `VerifiedBuild`) VALUES (2136214, 4441111, 449, 0, 0, 1, 1, -8.94351, 9.20621, -0.255883, 0.0133563, -0, -0, -0.00667621, -0.999978, 300, 0, 1, '', NULL);
INSERT INTO `gameobject` (`guid`, `id`, `map`, `zoneId`, `areaId`, `spawnMask`, `phaseMask`, `position_x`, `position_y`, `position_z`, `orientation`, `rotation0`, `rotation1`, `rotation2`, `rotation3`, `spawntimesecs`, `animprogress`, `state`, `ScriptName`, `VerifiedBuild`) VALUES (2136213, 4441111, 449, 0, 0, 1, 1, -0.338047, 30.3055, 2.42959, 4.70532, -0, -0, -0.7096, 0.704605, 300, 0, 1, '', NULL);
INSERT INTO `gameobject` (`guid`, `id`, `map`, `zoneId`, `areaId`, `spawnMask`, `phaseMask`, `position_x`, `position_y`, `position_z`, `orientation`, `rotation0`, `rotation1`, `rotation2`, `rotation3`, `spawntimesecs`, `animprogress`, `state`, `ScriptName`, `VerifiedBuild`) VALUES (2136212, 4441111, 449, 0, 0, 1, 1, 7.08359, 1.63287, 5.48763, 4.6637, -0, -0, -0.72411, 0.689684, 300, 0, 1, '', NULL);
INSERT INTO `gameobject` (`guid`, `id`, `map`, `zoneId`, `areaId`, `spawnMask`, `phaseMask`, `position_x`, `position_y`, `position_z`, `orientation`, `rotation0`, `rotation1`, `rotation2`, `rotation3`, `spawntimesecs`, `animprogress`, `state`, `ScriptName`, `VerifiedBuild`) VALUES (2136211, 4441111, 449, 0, 0, 1, 1, -1.49008, -4.3646, 6.48896, 2.87063, -0, -0, -0.990837, -0.135066, 300, 0, 1, '', NULL);
INSERT INTO `gameobject` (`guid`, `id`, `map`, `zoneId`, `areaId`, `spawnMask`, `phaseMask`, `position_x`, `position_y`, `position_z`, `orientation`, `rotation0`, `rotation1`, `rotation2`, `rotation3`, `spawntimesecs`, `animprogress`, `state`, `ScriptName`, `VerifiedBuild`) VALUES (2136210, 4441111, 449, 0, 0, 1, 1, -4.86911, 16.4334, 0.924198, 4.86476, -0, -0, -0.651237, 0.758874, 300, 0, 1, '', NULL);
INSERT INTO `gameobject` (`guid`, `id`, `map`, `zoneId`, `areaId`, `spawnMask`, `phaseMask`, `position_x`, `position_y`, `position_z`, `orientation`, `rotation0`, `rotation1`, `rotation2`, `rotation3`, `spawntimesecs`, `animprogress`, `state`, `ScriptName`, `VerifiedBuild`) VALUES (2136209, 4441111, 449, 0, 0, 1, 1, 7.09564, 35.597, 1.05583, 4.10449, -0, -0, -0.886325, 0.463065, 300, 0, 1, '', NULL);
INSERT INTO `gameobject` (`guid`, `id`, `map`, `zoneId`, `areaId`, `spawnMask`, `phaseMask`, `position_x`, `position_y`, `position_z`, `orientation`, `rotation0`, `rotation1`, `rotation2`, `rotation3`, `spawntimesecs`, `animprogress`, `state`, `ScriptName`, `VerifiedBuild`) VALUES (2136208, 4441111, 449, 0, 0, 1, 1, -8.67206, 36.3204, 1.05583, 5.30929, -0, -0, -0.467929, 0.883766, 300, 0, 1, '', NULL);
INSERT INTO `gameobject` (`guid`, `id`, `map`, `zoneId`, `areaId`, `spawnMask`, `phaseMask`, `position_x`, `position_y`, `position_z`, `orientation`, `rotation0`, `rotation1`, `rotation2`, `rotation3`, `spawntimesecs`, `animprogress`, `state`, `ScriptName`, `VerifiedBuild`) VALUES (2136207, 4441111, 449, 0, 0, 1, 1, 7.82718, 20.6952, 1.05583, 3.55, -0, -0, -0.979223, 0.202788, 300, 0, 1, '', NULL);
